dataset,year,sitting_type,topic_id,offered_marks,max_score,share,appears,appears_0p75,appears_3p0
PM,2014,main,PM.PRB.01,10.0,600,0.016667,1,1,0
PM,2014,main,PM.PRB.02,25.0,600,0.041667,1,1,1
PM,2014,main,PM.PRB.03,10.0,600,0.016667,1,1,0
PM,2014,main,PM.STA.01,15.0,600,0.025,1,1,0
PM,2014,main,PM.STA.02,34.0,600,0.056667,1,1,1
PM,2014,main,PM.STA.03,20.0,600,0.033333,1,1,1
PM,2014,main,PM.GEO.01,65.0,600,0.108333,1,1,1
PM,2014,main,PM.GEO.02,44.0,600,0.073333,1,1,1
PM,2014,main,PM.GEO.03,35.0,600,0.058333,1,1,1
PM,2014,main,PM.GEO.04,30.0,600,0.05,1,1,1
PM,2014,main,PM.GEO.05,36.0,600,0.06,1,1,1
PM,2014,main,PM.GEO.06,5.0,600,0.008333,0,1,0
PM,2014,main,PM.NUM.01,16.0,600,0.026667,1,1,0
PM,2014,main,PM.NUM.02,30.0,600,0.05,1,1,1
PM,2014,main,PM.NUM.03,20.0,600,0.033333,1,1,1
PM,2014,main,PM.NUM.04,12.0,600,0.02,1,1,0
PM,2014,main,PM.NUM.05,0.0,600,0.0,0,0,0
PM,2014,main,PM.ALG.01,52.0,600,0.086667,1,1,1
PM,2014,main,PM.ALG.02,30.0,600,0.05,1,1,1
PM,2014,main,PM.ALG.03,0.0,600,0.0,0,0,0
PM,2014,main,PM.ALG.04,15.0,600,0.025,1,1,0
PM,2014,main,PM.FUN.01,32.0,600,0.053333,1,1,1
PM,2014,main,PM.FUN.02,32.5,600,0.054167,1,1,1
PM,2014,main,PM.FUN.03,21.5,600,0.035833,1,1,1
PM,2014,main,PM.FUN.04,35.0,600,0.058333,1,1,1
PM,2015,main,PM.PRB.01,4.5,600,0.0075,0,1,0
PM,2015,main,PM.PRB.02,66.5,600,0.110833,1,1,1
PM,2015,main,PM.PRB.03,15.0,600,0.025,1,1,0
PM,2015,main,PM.STA.01,0.0,600,0.0,0,0,0
PM,2015,main,PM.STA.02,0.0,600,0.0,0,0,0
PM,2015,main,PM.STA.03,25.0,600,0.041667,1,1,1
PM,2015,main,PM.GEO.01,29.5,600,0.049167,1,1,1
PM,2015,main,PM.GEO.02,25.0,600,0.041667,1,1,1
PM,2015,main,PM.GEO.03,25.0,600,0.041667,1,1,1
PM,2015,main,PM.GEO.04,72.5,600,0.120833,1,1,1
PM,2015,main,PM.GEO.05,56.0,600,0.093333,1,1,1
PM,2015,main,PM.GEO.06,6.0,600,0.01,0,1,0
PM,2015,main,PM.NUM.01,5.0,600,0.008333,0,1,0
PM,2015,main,PM.NUM.02,37.0,600,0.061667,1,1,1
PM,2015,main,PM.NUM.03,0.0,600,0.0,0,0,0
PM,2015,main,PM.NUM.04,30.0,600,0.05,1,1,1
PM,2015,main,PM.NUM.05,17.0,600,0.028333,1,1,0
PM,2015,main,PM.ALG.01,25.5,600,0.0425,1,1,1
PM,2015,main,PM.ALG.02,30.5,600,0.050833,1,1,1
PM,2015,main,PM.ALG.03,0.0,600,0.0,0,0,0
PM,2015,main,PM.ALG.04,18.0,600,0.03,1,1,1
PM,2015,main,PM.FUN.01,19.0,600,0.031667,1,1,1
PM,2015,main,PM.FUN.02,41.0,600,0.068333,1,1,1
PM,2015,main,PM.FUN.03,25.0,600,0.041667,1,1,1
PM,2015,main,PM.FUN.04,27.0,600,0.045,1,1,1
PM,2016,main,PM.PRB.01,10.0,600,0.016667,1,1,0
PM,2016,main,PM.PRB.02,32.0,600,0.053333,1,1,1
PM,2016,main,PM.PRB.03,15.0,600,0.025,1,1,0
PM,2016,main,PM.STA.01,0.0,600,0.0,0,0,0
PM,2016,main,PM.STA.02,0.0,600,0.0,0,0,0
PM,2016,main,PM.STA.03,35.0,600,0.058333,1,1,1
PM,2016,main,PM.GEO.01,25.0,600,0.041667,1,1,1
PM,2016,main,PM.GEO.02,35.0,600,0.058333,1,1,1
PM,2016,main,PM.GEO.03,15.0,600,0.025,1,1,0
PM,2016,main,PM.GEO.04,61.0,600,0.101667,1,1,1
PM,2016,main,PM.GEO.05,60.0,600,0.1,1,1,1
PM,2016,main,PM.GEO.06,5.0,600,0.008333,0,1,0
PM,2016,main,PM.NUM.01,15.0,600,0.025,1,1,0
PM,2016,main,PM.NUM.02,55.0,600,0.091667,1,1,1
PM,2016,main,PM.NUM.03,28.0,600,0.046667,1,1,1
PM,2016,main,PM.NUM.04,15.0,600,0.025,1,1,0
PM,2016,main,PM.NUM.05,11.0,600,0.018333,1,1,0
PM,2016,main,PM.ALG.01,7.0,600,0.011667,0,1,0
PM,2016,main,PM.ALG.02,47.0,600,0.078333,1,1,1
PM,2016,main,PM.ALG.03,6.0,600,0.01,0,1,0
PM,2016,main,PM.ALG.04,25.0,600,0.041667,1,1,1
PM,2016,main,PM.FUN.01,25.0,600,0.041667,1,1,1
PM,2016,main,PM.FUN.02,32.5,600,0.054167,1,1,1
PM,2016,main,PM.FUN.03,30.5,600,0.050833,1,1,1
PM,2016,main,PM.FUN.04,10.0,600,0.016667,1,1,0
PM,2017,main,PM.PRB.01,2.0,600,0.003333,0,0,0
PM,2017,main,PM.PRB.02,57.0,600,0.095,1,1,1
PM,2017,main,PM.PRB.03,18.0,600,0.03,1,1,1
PM,2017,main,PM.STA.01,0.0,600,0.0,0,0,0
PM,2017,main,PM.STA.02,15.0,600,0.025,1,1,0
PM,2017,main,PM.STA.03,15.0,600,0.025,1,1,0
PM,2017,main,PM.GEO.01,27.0,600,0.045,1,1,1
PM,2017,main,PM.GEO.02,29.5,600,0.049167,1,1,1
PM,2017,main,PM.GEO.03,10.0,600,0.016667,1,1,0
PM,2017,main,PM.GEO.04,97.5,600,0.1625,1,1,1
PM,2017,main,PM.GEO.05,36.0,600,0.06,1,1,1
PM,2017,main,PM.GEO.06,0.0,600,0.0,0,0,0
PM,2017,main,PM.NUM.01,0.0,600,0.0,0,0,0
PM,2017,main,PM.NUM.02,17.5,600,0.029167,1,1,0
PM,2017,main,PM.NUM.03,18.0,600,0.03,1,1,1
PM,2017,main,PM.NUM.04,64.0,600,0.106667,1,1,1
PM,2017,main,PM.NUM.05,21.0,600,0.035,1,1,1
PM,2017,main,PM.ALG.01,24.5,600,0.040833,1,1,1
PM,2017,main,PM.ALG.02,32.0,600,0.053333,1,1,1
PM,2017,main,PM.ALG.03,0.0,600,0.0,0,0,0
PM,2017,main,PM.ALG.04,25.0,600,0.041667,1,1,1
PM,2017,main,PM.FUN.01,37.5,600,0.0625,1,1,1
PM,2017,main,PM.FUN.02,31.0,600,0.051667,1,1,1
PM,2017,main,PM.FUN.03,3.0,600,0.005,0,0,0
PM,2017,main,PM.FUN.04,19.5,600,0.0325,1,1,1
PM,2018,main,PM.PRB.01,20.0,600,0.033333,1,1,1
PM,2018,main,PM.PRB.02,20.0,600,0.033333,1,1,1
PM,2018,main,PM.PRB.03,30.0,600,0.05,1,1,1
PM,2018,main,PM.STA.01,0.0,600,0.0,0,0,0
PM,2018,main,PM.STA.02,12.0,600,0.02,1,1,0
PM,2018,main,PM.STA.03,27.0,600,0.045,1,1,1
PM,2018,main,PM.GEO.01,22.0,600,0.036667,1,1,1
PM,2018,main,PM.GEO.02,23.0,600,0.038333,1,1,1
PM,2018,main,PM.GEO.03,5.0,600,0.008333,0,1,0
PM,2018,main,PM.GEO.04,30.0,600,0.05,1,1,1
PM,2018,main,PM.GEO.05,30.0,600,0.05,1,1,1
PM,2018,main,PM.GEO.06,0.0,600,0.0,0,0,0
PM,2018,main,PM.NUM.01,11.5,600,0.019167,1,1,0
PM,2018,main,PM.NUM.02,98.0,600,0.163333,1,1,1
PM,2018,main,PM.NUM.03,28.0,600,0.046667,1,1,1
PM,2018,main,PM.NUM.04,10.0,600,0.016667,1,1,0
PM,2018,main,PM.NUM.05,25.0,600,0.041667,1,1,1
PM,2018,main,PM.ALG.01,19.0,600,0.031667,1,1,1
PM,2018,main,PM.ALG.02,34.0,600,0.056667,1,1,1
PM,2018,main,PM.ALG.03,7.0,600,0.011667,0,1,0
PM,2018,main,PM.ALG.04,14.5,600,0.024167,1,1,0
PM,2018,main,PM.FUN.01,63.0,600,0.105,1,1,1
PM,2018,main,PM.FUN.02,22.0,600,0.036667,1,1,1
PM,2018,main,PM.FUN.03,18.0,600,0.03,1,1,1
PM,2018,main,PM.FUN.04,31.0,600,0.051667,1,1,1
PM,2019,main,PM.PRB.01,9.0,600,0.015,1,1,0
PM,2019,main,PM.PRB.02,32.0,600,0.053333,1,1,1
PM,2019,main,PM.PRB.03,27.0,600,0.045,1,1,1
PM,2019,main,PM.STA.01,0.0,600,0.0,0,0,0
PM,2019,main,PM.STA.02,3.0,600,0.005,0,0,0
PM,2019,main,PM.STA.03,18.0,600,0.03,1,1,1
PM,2019,main,PM.GEO.01,25.0,600,0.041667,1,1,1
PM,2019,main,PM.GEO.02,17.0,600,0.028333,1,1,0
PM,2019,main,PM.GEO.03,27.0,600,0.045,1,1,1
PM,2019,main,PM.GEO.04,100.0,600,0.166667,1,1,1
PM,2019,main,PM.GEO.05,17.0,600,0.028333,1,1,0
PM,2019,main,PM.GEO.06,0.0,600,0.0,0,0,0
PM,2019,main,PM.NUM.01,20.0,600,0.033333,1,1,1
PM,2019,main,PM.NUM.02,45.0,600,0.075,1,1,1
PM,2019,main,PM.NUM.03,3.0,600,0.005,0,0,0
PM,2019,main,PM.NUM.04,3.0,600,0.005,0,0,0
PM,2019,main,PM.NUM.05,26.0,600,0.043333,1,1,1
PM,2019,main,PM.ALG.01,45.5,600,0.075833,1,1,1
PM,2019,main,PM.ALG.02,51.5,600,0.085833,1,1,1
PM,2019,main,PM.ALG.03,0.0,600,0.0,0,0,0
PM,2019,main,PM.ALG.04,25.0,600,0.041667,1,1,1
PM,2019,main,PM.FUN.01,24.5,600,0.040833,1,1,1
PM,2019,main,PM.FUN.02,41.0,600,0.068333,1,1,1
PM,2019,main,PM.FUN.03,29.5,600,0.049167,1,1,1
PM,2019,main,PM.FUN.04,11.0,600,0.018333,1,1,0
PM,2020,main,PM.PRB.01,3.0,600,0.005,0,0,0
PM,2020,main,PM.PRB.02,32.0,600,0.053333,1,1,1
PM,2020,main,PM.PRB.03,53.0,600,0.088333,1,1,1
PM,2020,main,PM.STA.01,0.0,600,0.0,0,0,0
PM,2020,main,PM.STA.02,8.0,600,0.013333,0,1,0
PM,2020,main,PM.STA.03,17.0,600,0.028333,1,1,0
PM,2020,main,PM.GEO.01,0.0,600,0.0,0,0,0
PM,2020,main,PM.GEO.02,27.0,600,0.045,1,1,1
PM,2020,main,PM.GEO.03,26.0,600,0.043333,1,1,1
PM,2020,main,PM.GEO.04,90.5,600,0.150833,1,1,1
PM,2020,main,PM.GEO.05,16.0,600,0.026667,1,1,0
PM,2020,main,PM.GEO.06,0.0,600,0.0,0,0,0
PM,2020,main,PM.NUM.01,17.0,600,0.028333,1,1,0
PM,2020,main,PM.NUM.02,29.0,600,0.048333,1,1,1
PM,2020,main,PM.NUM.03,31.0,600,0.051667,1,1,1
PM,2020,main,PM.NUM.04,29.5,600,0.049167,1,1,1
PM,2020,main,PM.NUM.05,28.0,600,0.046667,1,1,1
PM,2020,main,PM.ALG.01,23.5,600,0.039167,1,1,1
PM,2020,main,PM.ALG.02,40.5,600,0.0675,1,1,1
PM,2020,main,PM.ALG.03,7.0,600,0.011667,0,1,0
PM,2020,main,PM.ALG.04,25.0,600,0.041667,1,1,1
PM,2020,main,PM.FUN.01,18.0,600,0.03,1,1,1
PM,2020,main,PM.FUN.02,27.0,600,0.045,1,1,1
PM,2020,main,PM.FUN.03,40.0,600,0.066667,1,1,1
PM,2020,main,PM.FUN.04,12.0,600,0.02,1,1,0
PM,2021,main,PM.PRB.01,4.0,440,0.009091,0,1,0
PM,2021,main,PM.PRB.02,37.0,440,0.084091,1,1,1
PM,2021,main,PM.PRB.03,70.0,440,0.159091,1,1,1
PM,2021,main,PM.STA.01,0.0,440,0.0,0,0,0
PM,2021,main,PM.STA.02,0.0,440,0.0,0,0,0
PM,2021,main,PM.STA.03,15.0,440,0.034091,1,1,1
PM,2021,main,PM.GEO.01,30.0,440,0.068182,1,1,1
PM,2021,main,PM.GEO.02,29.0,440,0.065909,1,1,1
PM,2021,main,PM.GEO.03,16.5,440,0.0375,1,1,1
PM,2021,main,PM.GEO.04,54.0,440,0.122727,1,1,1
PM,2021,main,PM.GEO.05,45.0,440,0.102273,1,1,1
PM,2021,main,PM.GEO.06,0.0,440,0.0,0,0,0
PM,2021,main,PM.NUM.01,34.5,440,0.078409,1,1,1
PM,2021,main,PM.NUM.02,48.0,440,0.109091,1,1,1
PM,2021,main,PM.NUM.03,25.0,440,0.056818,1,1,1
PM,2021,main,PM.NUM.04,23.0,440,0.052273,1,1,1
PM,2021,main,PM.NUM.05,42.0,440,0.095455,1,1,1
PM,2021,main,PM.ALG.01,24.0,440,0.054545,1,1,1
PM,2021,main,PM.ALG.02,78.5,440,0.178409,1,1,1
PM,2021,main,PM.ALG.03,7.0,440,0.015909,1,1,0
PM,2021,main,PM.ALG.04,30.0,440,0.068182,1,1,1
PM,2021,main,PM.FUN.01,29.5,440,0.067045,1,1,1
PM,2021,main,PM.FUN.02,51.0,440,0.115909,1,1,1
PM,2021,main,PM.FUN.03,47.0,440,0.106818,1,1,1
PM,2021,main,PM.FUN.04,20.0,440,0.045455,1,1,1
PM,2022,main,PM.PRB.01,3.0,440,0.006818,0,0,0
PM,2022,main,PM.PRB.02,42.0,440,0.095455,1,1,1
PM,2022,main,PM.PRB.03,40.0,440,0.090909,1,1,1
PM,2022,main,PM.STA.01,2.0,440,0.004545,0,0,0
PM,2022,main,PM.STA.02,36.0,440,0.081818,1,1,1
PM,2022,main,PM.STA.03,27.0,440,0.061364,1,1,1
PM,2022,main,PM.GEO.01,30.0,440,0.068182,1,1,1
PM,2022,main,PM.GEO.02,15.0,440,0.034091,1,1,1
PM,2022,main,PM.GEO.03,32.0,440,0.072727,1,1,1
PM,2022,main,PM.GEO.04,61.0,440,0.138636,1,1,1
PM,2022,main,PM.GEO.05,49.5,440,0.1125,1,1,1
PM,2022,main,PM.GEO.06,0.0,440,0.0,0,0,0
PM,2022,main,PM.NUM.01,2.0,440,0.004545,0,0,0
PM,2022,main,PM.NUM.02,54.0,440,0.122727,1,1,1
PM,2022,main,PM.NUM.03,57.0,440,0.129545,1,1,1
PM,2022,main,PM.NUM.04,4.0,440,0.009091,0,1,0
PM,2022,main,PM.NUM.05,18.0,440,0.040909,1,1,1
PM,2022,main,PM.ALG.01,33.5,440,0.076136,1,1,1
PM,2022,main,PM.ALG.02,73.5,440,0.167045,1,1,1
PM,2022,main,PM.ALG.03,6.0,440,0.013636,0,1,0
PM,2022,main,PM.ALG.04,38.0,440,0.086364,1,1,1
PM,2022,main,PM.FUN.01,15.5,440,0.035227,1,1,1
PM,2022,main,PM.FUN.02,63.5,440,0.144318,1,1,1
PM,2022,main,PM.FUN.03,32.5,440,0.073864,1,1,1
PM,2022,main,PM.FUN.04,25.0,440,0.056818,1,1,1
PM,2023,main,PM.PRB.01,18.0,600,0.03,1,1,1
PM,2023,main,PM.PRB.02,33.0,600,0.055,1,1,1
PM,2023,main,PM.PRB.03,17.0,600,0.028333,1,1,0
PM,2023,main,PM.STA.01,0.0,600,0.0,0,0,0
PM,2023,main,PM.STA.02,20.0,600,0.033333,1,1,1
PM,2023,main,PM.STA.03,25.0,600,0.041667,1,1,1
PM,2023,main,PM.GEO.01,22.0,600,0.036667,1,1,1
PM,2023,main,PM.GEO.02,47.0,600,0.078333,1,1,1
PM,2023,main,PM.GEO.03,18.0,600,0.03,1,1,1
PM,2023,main,PM.GEO.04,72.5,600,0.120833,1,1,1
PM,2023,main,PM.GEO.05,35.0,600,0.058333,1,1,1
PM,2023,main,PM.GEO.06,0.0,600,0.0,0,0,0
PM,2023,main,PM.NUM.01,35.5,600,0.059167,1,1,1
PM,2023,main,PM.NUM.02,18.0,600,0.03,1,1,1
PM,2023,main,PM.NUM.03,16.0,600,0.026667,1,1,0
PM,2023,main,PM.NUM.04,40.0,600,0.066667,1,1,1
PM,2023,main,PM.NUM.05,40.5,600,0.0675,1,1,1
PM,2023,main,PM.ALG.01,0.0,600,0.0,0,0,0
PM,2023,main,PM.ALG.02,78.0,600,0.13,1,1,1
PM,2023,main,PM.ALG.03,2.0,600,0.003333,0,0,0
PM,2023,main,PM.ALG.04,30.0,600,0.05,1,1,1
PM,2023,main,PM.FUN.01,44.0,600,0.073333,1,1,1
PM,2023,main,PM.FUN.02,56.5,600,0.094167,1,1,1
PM,2023,main,PM.FUN.03,35.0,600,0.058333,1,1,1
PM,2023,main,PM.FUN.04,48.0,600,0.08,1,1,1
PM,2024,main,PM.PRB.01,25.5,600,0.0425,1,1,1
PM,2024,main,PM.PRB.02,45.5,600,0.075833,1,1,1
PM,2024,main,PM.PRB.03,20.0,600,0.033333,1,1,1
PM,2024,main,PM.STA.01,0.0,600,0.0,0,0,0
PM,2024,main,PM.STA.02,30.0,600,0.05,1,1,1
PM,2024,main,PM.STA.03,10.0,600,0.016667,1,1,0
PM,2024,main,PM.GEO.01,56.0,600,0.093333,1,1,1
PM,2024,main,PM.GEO.02,42.0,600,0.07,1,1,1
PM,2024,main,PM.GEO.03,51.0,600,0.085,1,1,1
PM,2024,main,PM.GEO.04,60.0,600,0.1,1,1,1
PM,2024,main,PM.GEO.05,19.0,600,0.031667,1,1,1
PM,2024,main,PM.GEO.06,7.5,600,0.0125,0,1,0
PM,2024,main,PM.NUM.01,0.0,600,0.0,0,0,0
PM,2024,main,PM.NUM.02,6.0,600,0.01,0,1,0
PM,2024,main,PM.NUM.03,12.0,600,0.02,1,1,0
PM,2024,main,PM.NUM.04,28.0,600,0.046667,1,1,1
PM,2024,main,PM.NUM.05,38.0,600,0.063333,1,1,1
PM,2024,main,PM.ALG.01,39.5,600,0.065833,1,1,1
PM,2024,main,PM.ALG.02,67.0,600,0.111667,1,1,1
PM,2024,main,PM.ALG.03,13.0,600,0.021667,1,1,0
PM,2024,main,PM.ALG.04,30.0,600,0.05,1,1,1
PM,2024,main,PM.FUN.01,40.0,600,0.066667,1,1,1
PM,2024,main,PM.FUN.02,36.0,600,0.06,1,1,1
PM,2024,main,PM.FUN.03,64.0,600,0.106667,1,1,1
PM,2024,main,PM.FUN.04,20.0,600,0.033333,1,1,1
PM,2025,main,PM.PRB.01,23.0,600,0.038333,1,1,1
PM,2025,main,PM.PRB.02,66.0,600,0.11,1,1,1
PM,2025,main,PM.PRB.03,15.0,600,0.025,1,1,0
PM,2025,main,PM.STA.01,5.0,600,0.008333,0,1,0
PM,2025,main,PM.STA.02,27.5,600,0.045833,1,1,1
PM,2025,main,PM.STA.03,13.0,600,0.021667,1,1,0
PM,2025,main,PM.GEO.01,20.0,600,0.033333,1,1,1
PM,2025,main,PM.GEO.02,66.0,600,0.11,1,1,1
PM,2025,main,PM.GEO.03,32.5,600,0.054167,1,1,1
PM,2025,main,PM.GEO.04,52.0,600,0.086667,1,1,1
PM,2025,main,PM.GEO.05,32.0,600,0.053333,1,1,1
PM,2025,main,PM.GEO.06,15.0,600,0.025,1,1,0
PM,2025,main,PM.NUM.01,15.0,600,0.025,1,1,0
PM,2025,main,PM.NUM.02,54.0,600,0.09,1,1,1
PM,2025,main,PM.NUM.03,17.5,600,0.029167,1,1,0
PM,2025,main,PM.NUM.04,18.0,600,0.03,1,1,1
PM,2025,main,PM.NUM.05,35.0,600,0.058333,1,1,1
PM,2025,main,PM.ALG.01,48.0,600,0.08,1,1,1
PM,2025,main,PM.ALG.02,61.0,600,0.101667,1,1,1
PM,2025,main,PM.ALG.03,12.0,600,0.02,1,1,0
PM,2025,main,PM.ALG.04,28.0,600,0.046667,1,1,1
PM,2025,main,PM.FUN.01,28.5,600,0.0475,1,1,1
PM,2025,main,PM.FUN.02,41.5,600,0.069167,1,1,1
PM,2025,main,PM.FUN.03,17.0,600,0.028333,1,1,0
PM,2025,main,PM.FUN.04,17.5,600,0.029167,1,1,0
PM,2026,main,PM.PRB.01,5.0,600,0.008333,0,1,0
PM,2026,main,PM.PRB.02,23.0,600,0.038333,1,1,1
PM,2026,main,PM.PRB.03,33.0,600,0.055,1,1,1
PM,2026,main,PM.STA.01,0.0,600,0.0,0,0,0
PM,2026,main,PM.STA.02,43.0,600,0.071667,1,1,1
PM,2026,main,PM.STA.03,30.0,600,0.05,1,1,1
PM,2026,main,PM.GEO.01,10.0,600,0.016667,1,1,0
PM,2026,main,PM.GEO.02,21.0,600,0.035,1,1,1
PM,2026,main,PM.GEO.03,37.5,600,0.0625,1,1,1
PM,2026,main,PM.GEO.04,68.5,600,0.114167,1,1,1
PM,2026,main,PM.GEO.05,32.5,600,0.054167,1,1,1
PM,2026,main,PM.GEO.06,10.0,600,0.016667,1,1,0
PM,2026,main,PM.NUM.01,25.0,600,0.041667,1,1,1
PM,2026,main,PM.NUM.02,50.0,600,0.083333,1,1,1
PM,2026,main,PM.NUM.03,36.0,600,0.06,1,1,1
PM,2026,main,PM.NUM.04,15.0,600,0.025,1,1,0
PM,2026,main,PM.NUM.05,27.5,600,0.045833,1,1,1
PM,2026,main,PM.ALG.01,49.0,600,0.081667,1,1,1
PM,2026,main,PM.ALG.02,87.0,600,0.145,1,1,1
PM,2026,main,PM.ALG.03,6.0,600,0.01,0,1,0
PM,2026,main,PM.ALG.04,30.0,600,0.05,1,1,1
PM,2026,main,PM.FUN.01,21.0,600,0.035,1,1,1
PM,2026,main,PM.FUN.02,40.0,600,0.066667,1,1,1
PM,2026,main,PM.FUN.03,25.0,600,0.041667,1,1,1
PM,2026,main,PM.FUN.04,30.0,600,0.05,1,1,1
