dataset,year,method,rho,AS
PHY,2010,B0,0.1,0.170000
PHY,2010,B0,0.2,0.392750
PHY,2010,B0,0.3,0.597750
PHY,2010,B0,0.4,0.764250
PHY,2010,B0,0.5,0.841750
PHY,2010,B0,0.6,0.950000
PHY,2010,B0,0.7,0.969250
PHY,2010,B0,0.8,1.000000
PHY,2010,B0,0.9,1.000000
PHY,2010,B1,0.1,0.214612
PHY,2010,B1,0.2,0.485177
PHY,2010,B1,0.3,0.673250
PHY,2010,B1,0.4,0.777861
PHY,2010,B1,0.5,0.830678
PHY,2010,B1,0.6,0.858906
PHY,2010,B1,0.7,0.894318
PHY,2010,B1,0.8,0.971181
PHY,2010,B1,0.9,1.000000
PHY,2010,S1,0.1,0.214612
PHY,2010,S1,0.2,0.485177
PHY,2010,S1,0.3,0.673250
PHY,2010,S1,0.4,0.801250
PHY,2010,S1,0.5,0.848000
PHY,2010,S1,0.6,0.878000
PHY,2010,S1,0.7,0.893000
PHY,2010,S1,0.8,0.991000
PHY,2010,S1,0.9,1.000000
PHY,2010,S2,0.1,0.159000
PHY,2010,S2,0.2,0.330471
PHY,2010,S2,0.3,0.588138
PHY,2010,S2,0.4,0.797557
PHY,2010,S2,0.5,0.887263
PHY,2010,S2,0.6,0.918250
PHY,2010,S2,0.7,0.949918
PHY,2010,S2,0.8,0.979824
PHY,2010,S2,0.9,1.000000
PHY,2010,M2,0.1,0.195559
PHY,2010,M2,0.2,0.446203
PHY,2010,M2,0.3,0.657977
PHY,2010,M2,0.4,0.750290
PHY,2010,M2,0.5,0.800726
PHY,2010,M2,0.6,0.862796
PHY,2010,M2,0.7,0.889500
PHY,2010,M2,0.8,0.952500
PHY,2010,M2,0.9,1.000000
PHY,2010,M3,0.1,0.131779
PHY,2010,M3,0.2,0.413537
PHY,2010,M3,0.3,0.652421
PHY,2010,M3,0.4,0.791250
PHY,2010,M3,0.5,0.886000
PHY,2010,M3,0.6,0.923160
PHY,2010,M3,0.7,0.955110
PHY,2010,M3,0.8,0.982500
PHY,2010,M3,0.9,1.000000
PHY,2010,RANDOM,0.1,0.141787
PHY,2010,RANDOM,0.2,0.331130
PHY,2010,RANDOM,0.3,0.489991
PHY,2010,RANDOM,0.4,0.638779
PHY,2010,RANDOM,0.5,0.759030
PHY,2010,RANDOM,0.6,0.831383
PHY,2010,RANDOM,0.7,0.918384
PHY,2010,RANDOM,0.8,0.967358
PHY,2010,RANDOM,0.9,0.991721
PHY,2010,RANDOM_ALL_COMPULSORY,0.1,0.077771
PHY,2010,RANDOM_ALL_COMPULSORY,0.2,0.185876
PHY,2010,RANDOM_ALL_COMPULSORY,0.3,0.288257
PHY,2010,RANDOM_ALL_COMPULSORY,0.4,0.396676
PHY,2010,RANDOM_ALL_COMPULSORY,0.5,0.498422
PHY,2010,RANDOM_ALL_COMPULSORY,0.6,0.575977
PHY,2010,RANDOM_ALL_COMPULSORY,0.7,0.691490
PHY,2010,RANDOM_ALL_COMPULSORY,0.8,0.792384
PHY,2010,RANDOM_ALL_COMPULSORY,0.9,0.892161
PHY,2010,NESTED_TIMING,0.1,0.214612
PHY,2010,NESTED_TIMING,0.2,0.485177
PHY,2010,NESTED_TIMING,0.3,0.673250
PHY,2010,NESTED_TIMING,0.4,0.801250
PHY,2010,NESTED_TIMING,0.5,0.848000
PHY,2010,NESTED_TIMING,0.6,0.878000
PHY,2010,NESTED_TIMING,0.7,0.893000
PHY,2010,NESTED_TIMING,0.8,0.991000
PHY,2010,NESTED_TIMING,0.9,1.000000
PHY,2011,B0,0.1,0.017500
PHY,2011,B0,0.2,0.294500
PHY,2011,B0,0.3,0.517500
PHY,2011,B0,0.4,0.664000
PHY,2011,B0,0.5,0.699000
PHY,2011,B0,0.6,0.795000
PHY,2011,B0,0.7,0.838000
PHY,2011,B0,0.8,0.908000
PHY,2011,B0,0.9,1.000000
PHY,2011,B1,0.1,0.183512
PHY,2011,B1,0.2,0.405426
PHY,2011,B1,0.3,0.563250
PHY,2011,B1,0.4,0.691593
PHY,2011,B1,0.5,0.810878
PHY,2011,B1,0.6,0.887738
PHY,2011,B1,0.7,0.943475
PHY,2011,B1,0.8,0.982500
PHY,2011,B1,0.9,1.000000
PHY,2011,S1,0.1,0.183512
PHY,2011,S1,0.2,0.405426
PHY,2011,S1,0.3,0.550500
PHY,2011,S1,0.4,0.717000
PHY,2011,S1,0.5,0.796500
PHY,2011,S1,0.6,0.912500
PHY,2011,S1,0.7,0.965105
PHY,2011,S1,0.8,1.000000
PHY,2011,S1,0.9,1.000000
PHY,2011,S2,0.1,0.169262
PHY,2011,S2,0.2,0.367000
PHY,2011,S2,0.3,0.488123
PHY,2011,S2,0.4,0.676066
PHY,2011,S2,0.5,0.835190
PHY,2011,S2,0.6,0.894218
PHY,2011,S2,0.7,0.948361
PHY,2011,S2,0.8,0.978204
PHY,2011,S2,0.9,1.000000
PHY,2011,M2,0.1,0.191392
PHY,2011,M2,0.2,0.414283
PHY,2011,M2,0.3,0.550500
PHY,2011,M2,0.4,0.647061
PHY,2011,M2,0.5,0.830000
PHY,2011,M2,0.6,0.947500
PHY,2011,M2,0.7,0.987347
PHY,2011,M2,0.8,1.000000
PHY,2011,M2,0.9,1.000000
PHY,2011,M3,0.1,0.214300
PHY,2011,M3,0.2,0.417724
PHY,2011,M3,0.3,0.550500
PHY,2011,M3,0.4,0.714163
PHY,2011,M3,0.5,0.896500
PHY,2011,M3,0.6,0.916216
PHY,2011,M3,0.7,0.947500
PHY,2011,M3,0.8,0.969305
PHY,2011,M3,0.9,1.000000
PHY,2011,RANDOM,0.1,0.142952
PHY,2011,RANDOM,0.2,0.326117
PHY,2011,RANDOM,0.3,0.483818
PHY,2011,RANDOM,0.4,0.618690
PHY,2011,RANDOM,0.5,0.739059
PHY,2011,RANDOM,0.6,0.811342
PHY,2011,RANDOM,0.7,0.901990
PHY,2011,RANDOM,0.8,0.965503
PHY,2011,RANDOM,0.9,0.993895
PHY,2011,RANDOM_ALL_COMPULSORY,0.1,0.078455
PHY,2011,RANDOM_ALL_COMPULSORY,0.2,0.183443
PHY,2011,RANDOM_ALL_COMPULSORY,0.3,0.289890
PHY,2011,RANDOM_ALL_COMPULSORY,0.4,0.395289
PHY,2011,RANDOM_ALL_COMPULSORY,0.5,0.503205
PHY,2011,RANDOM_ALL_COMPULSORY,0.6,0.578349
PHY,2011,RANDOM_ALL_COMPULSORY,0.7,0.685363
PHY,2011,RANDOM_ALL_COMPULSORY,0.8,0.790799
PHY,2011,RANDOM_ALL_COMPULSORY,0.9,0.895061
PHY,2011,NESTED_TIMING,0.1,0.183512
PHY,2011,NESTED_TIMING,0.2,0.405426
PHY,2011,NESTED_TIMING,0.3,0.550500
PHY,2011,NESTED_TIMING,0.4,0.717000
PHY,2011,NESTED_TIMING,0.5,0.796500
PHY,2011,NESTED_TIMING,0.6,0.912500
PHY,2011,NESTED_TIMING,0.7,0.965105
PHY,2011,NESTED_TIMING,0.8,1.000000
PHY,2011,NESTED_TIMING,0.9,1.000000
PHY,2012,B0,0.1,0.255000
PHY,2012,B0,0.2,0.435750
PHY,2012,B0,0.3,0.690000
PHY,2012,B0,0.4,0.760000
PHY,2012,B0,0.5,0.875750
PHY,2012,B0,0.6,0.892500
PHY,2012,B0,0.7,0.965000
PHY,2012,B0,0.8,1.000000
PHY,2012,B0,0.9,1.000000
PHY,2012,B1,0.1,0.169864
PHY,2012,B1,0.2,0.396163
PHY,2012,B1,0.3,0.605638
PHY,2012,B1,0.4,0.740990
PHY,2012,B1,0.5,0.811780
PHY,2012,B1,0.6,0.860563
PHY,2012,B1,0.7,0.946827
PHY,2012,B1,0.8,0.995680
PHY,2012,B1,0.9,1.000000
PHY,2012,S1,0.1,0.169864
PHY,2012,S1,0.2,0.396163
PHY,2012,S1,0.3,0.555750
PHY,2012,S1,0.4,0.723250
PHY,2012,S1,0.5,0.858250
PHY,2012,S1,0.6,0.875750
PHY,2012,S1,0.7,0.943550
PHY,2012,S1,0.8,1.000000
PHY,2012,S1,0.9,1.000000
PHY,2012,S2,0.1,0.141750
PHY,2012,S2,0.2,0.311614
PHY,2012,S2,0.3,0.518782
PHY,2012,S2,0.4,0.713655
PHY,2012,S2,0.5,0.847740
PHY,2012,S2,0.6,0.902025
PHY,2012,S2,0.7,0.969125
PHY,2012,S2,0.8,0.992878
PHY,2012,S2,0.9,1.000000
PHY,2012,M2,0.1,0.159182
PHY,2012,M2,0.2,0.365169
PHY,2012,M2,0.3,0.555750
PHY,2012,M2,0.4,0.672057
PHY,2012,M2,0.5,0.796495
PHY,2012,M2,0.6,0.863550
PHY,2012,M2,0.7,0.967328
PHY,2012,M2,0.8,1.000000
PHY,2012,M2,0.9,1.000000
PHY,2012,M3,0.1,0.132496
PHY,2012,M3,0.2,0.347866
PHY,2012,M3,0.3,0.555750
PHY,2012,M3,0.4,0.762421
PHY,2012,M3,0.5,0.830750
PHY,2012,M3,0.6,0.869812
PHY,2012,M3,0.7,0.893250
PHY,2012,M3,0.8,0.996591
PHY,2012,M3,0.9,1.000000
PHY,2012,RANDOM,0.1,0.140730
PHY,2012,RANDOM,0.2,0.326984
PHY,2012,RANDOM,0.3,0.487817
PHY,2012,RANDOM,0.4,0.630575
PHY,2012,RANDOM,0.5,0.745119
PHY,2012,RANDOM,0.6,0.823815
PHY,2012,RANDOM,0.7,0.908998
PHY,2012,RANDOM,0.8,0.965581
PHY,2012,RANDOM,0.9,0.993192
PHY,2012,RANDOM_ALL_COMPULSORY,0.1,0.076987
PHY,2012,RANDOM_ALL_COMPULSORY,0.2,0.183234
PHY,2012,RANDOM_ALL_COMPULSORY,0.3,0.287517
PHY,2012,RANDOM_ALL_COMPULSORY,0.4,0.392448
PHY,2012,RANDOM_ALL_COMPULSORY,0.5,0.495299
PHY,2012,RANDOM_ALL_COMPULSORY,0.6,0.572997
PHY,2012,RANDOM_ALL_COMPULSORY,0.7,0.680407
PHY,2012,RANDOM_ALL_COMPULSORY,0.8,0.784644
PHY,2012,RANDOM_ALL_COMPULSORY,0.9,0.882340
PHY,2012,NESTED_TIMING,0.1,0.169864
PHY,2012,NESTED_TIMING,0.2,0.396163
PHY,2012,NESTED_TIMING,0.3,0.555750
PHY,2012,NESTED_TIMING,0.4,0.723250
PHY,2012,NESTED_TIMING,0.5,0.858250
PHY,2012,NESTED_TIMING,0.6,0.875750
PHY,2012,NESTED_TIMING,0.7,0.943550
PHY,2012,NESTED_TIMING,0.8,1.000000
PHY,2012,NESTED_TIMING,0.9,1.000000
PHY,2013,B0,0.1,0.153500
PHY,2013,B0,0.2,0.303250
PHY,2013,B0,0.3,0.425750
PHY,2013,B0,0.4,0.443250
PHY,2013,B0,0.5,0.567750
PHY,2013,B0,0.6,0.676000
PHY,2013,B0,0.7,0.774500
PHY,2013,B0,0.8,0.852000
PHY,2013,B0,0.9,1.000000
PHY,2013,B1,0.1,0.169381
PHY,2013,B1,0.2,0.371933
PHY,2013,B1,0.3,0.543507
PHY,2013,B1,0.4,0.699750
PHY,2013,B1,0.5,0.806483
PHY,2013,B1,0.6,0.884191
PHY,2013,B1,0.7,0.900000
PHY,2013,B1,0.8,0.916300
PHY,2013,B1,0.9,0.974200
PHY,2013,S1,0.1,0.169381
PHY,2013,S1,0.2,0.371933
PHY,2013,S1,0.3,0.595750
PHY,2013,S1,0.4,0.673250
PHY,2013,S1,0.5,0.850750
PHY,2013,S1,0.6,0.884250
PHY,2013,S1,0.7,0.900000
PHY,2013,S1,0.8,0.900000
PHY,2013,S1,0.9,1.000000
PHY,2013,S2,0.1,0.099250
PHY,2013,S2,0.2,0.192507
PHY,2013,S2,0.3,0.284250
PHY,2013,S2,0.4,0.538790
PHY,2013,S2,0.5,0.733814
PHY,2013,S2,0.6,0.870750
PHY,2013,S2,0.7,0.974681
PHY,2013,S2,0.8,1.000000
PHY,2013,S2,0.9,1.000000
PHY,2013,M2,0.1,0.189096
PHY,2013,M2,0.2,0.406758
PHY,2013,M2,0.3,0.595750
PHY,2013,M2,0.4,0.703623
PHY,2013,M2,0.5,0.824000
PHY,2013,M2,0.6,0.873146
PHY,2013,M2,0.7,0.900000
PHY,2013,M2,0.8,0.900000
PHY,2013,M2,0.9,0.900000
PHY,2013,M3,0.1,0.245426
PHY,2013,M3,0.2,0.427954
PHY,2013,M3,0.3,0.595750
PHY,2013,M3,0.4,0.764213
PHY,2013,M3,0.5,0.846523
PHY,2013,M3,0.6,0.884250
PHY,2013,M3,0.7,0.900000
PHY,2013,M3,0.8,0.900000
PHY,2013,M3,0.9,0.936200
PHY,2013,RANDOM,0.1,0.141662
PHY,2013,RANDOM,0.2,0.320707
PHY,2013,RANDOM,0.3,0.472304
PHY,2013,RANDOM,0.4,0.605640
PHY,2013,RANDOM,0.5,0.727289
PHY,2013,RANDOM,0.6,0.804043
PHY,2013,RANDOM,0.7,0.899330
PHY,2013,RANDOM,0.8,0.965780
PHY,2013,RANDOM,0.9,0.994335
PHY,2013,RANDOM_ALL_COMPULSORY,0.1,0.078369
PHY,2013,RANDOM_ALL_COMPULSORY,0.2,0.185036
PHY,2013,RANDOM_ALL_COMPULSORY,0.3,0.289396
PHY,2013,RANDOM_ALL_COMPULSORY,0.4,0.395135
PHY,2013,RANDOM_ALL_COMPULSORY,0.5,0.500502
PHY,2013,RANDOM_ALL_COMPULSORY,0.6,0.579764
PHY,2013,RANDOM_ALL_COMPULSORY,0.7,0.687134
PHY,2013,RANDOM_ALL_COMPULSORY,0.8,0.790737
PHY,2013,RANDOM_ALL_COMPULSORY,0.9,0.893731
PHY,2013,NESTED_TIMING,0.1,0.169381
PHY,2013,NESTED_TIMING,0.2,0.371933
PHY,2013,NESTED_TIMING,0.3,0.595750
PHY,2013,NESTED_TIMING,0.4,0.673250
PHY,2013,NESTED_TIMING,0.5,0.850750
PHY,2013,NESTED_TIMING,0.6,0.884250
PHY,2013,NESTED_TIMING,0.7,0.900000
PHY,2013,NESTED_TIMING,0.8,0.900000
PHY,2013,NESTED_TIMING,0.9,1.000000
PHY,2014,B0,0.1,0.173000
PHY,2014,B0,0.2,0.416750
PHY,2014,B0,0.3,0.649000
PHY,2014,B0,0.4,0.684000
PHY,2014,B0,0.5,0.740000
PHY,2014,B0,0.6,0.822500
PHY,2014,B0,0.7,0.875000
PHY,2014,B0,0.8,0.982500
PHY,2014,B0,0.9,1.000000
PHY,2014,B1,0.1,0.239110
PHY,2014,B1,0.2,0.546635
PHY,2014,B1,0.3,0.705995
PHY,2014,B1,0.4,0.814645
PHY,2014,B1,0.5,0.893370
PHY,2014,B1,0.6,0.951310
PHY,2014,B1,0.7,0.985000
PHY,2014,B1,0.8,0.999085
PHY,2014,B1,0.9,1.000000
PHY,2014,S1,0.1,0.239110
PHY,2014,S1,0.2,0.546635
PHY,2014,S1,0.3,0.756430
PHY,2014,S1,0.4,0.894000
PHY,2014,S1,0.5,0.909000
PHY,2014,S1,0.6,0.944000
PHY,2014,S1,0.7,1.000000
PHY,2014,S1,0.8,1.000000
PHY,2014,S1,0.9,1.000000
PHY,2014,S2,0.1,0.154245
PHY,2014,S2,0.2,0.214500
PHY,2014,S2,0.3,0.452315
PHY,2014,S2,0.4,0.727719
PHY,2014,S2,0.5,0.867225
PHY,2014,S2,0.6,0.916285
PHY,2014,S2,0.7,0.973225
PHY,2014,S2,0.8,1.000000
PHY,2014,S2,0.9,1.000000
PHY,2014,M2,0.1,0.241395
PHY,2014,M2,0.2,0.543318
PHY,2014,M2,0.3,0.721500
PHY,2014,M2,0.4,0.865725
PHY,2014,M2,0.5,0.941500
PHY,2014,M2,0.6,0.980715
PHY,2014,M2,0.7,1.000000
PHY,2014,M2,0.8,1.000000
PHY,2014,M2,0.9,1.000000
PHY,2014,M3,0.1,0.246397
PHY,2014,M3,0.2,0.541390
PHY,2014,M3,0.3,0.773765
PHY,2014,M3,0.4,0.909000
PHY,2014,M3,0.5,0.935303
PHY,2014,M3,0.6,0.944000
PHY,2014,M3,0.7,1.000000
PHY,2014,M3,0.8,1.000000
PHY,2014,M3,0.9,1.000000
PHY,2014,RANDOM,0.1,0.142441
PHY,2014,RANDOM,0.2,0.329007
PHY,2014,RANDOM,0.3,0.488674
PHY,2014,RANDOM,0.4,0.622067
PHY,2014,RANDOM,0.5,0.745408
PHY,2014,RANDOM,0.6,0.820440
PHY,2014,RANDOM,0.7,0.914794
PHY,2014,RANDOM,0.8,0.967962
PHY,2014,RANDOM,0.9,0.994008
PHY,2014,RANDOM_ALL_COMPULSORY,0.1,0.077960
PHY,2014,RANDOM_ALL_COMPULSORY,0.2,0.185064
PHY,2014,RANDOM_ALL_COMPULSORY,0.3,0.288736
PHY,2014,RANDOM_ALL_COMPULSORY,0.4,0.390203
PHY,2014,RANDOM_ALL_COMPULSORY,0.5,0.500378
PHY,2014,RANDOM_ALL_COMPULSORY,0.6,0.574540
PHY,2014,RANDOM_ALL_COMPULSORY,0.7,0.687795
PHY,2014,RANDOM_ALL_COMPULSORY,0.8,0.787101
PHY,2014,RANDOM_ALL_COMPULSORY,0.9,0.888577
PHY,2014,NESTED_TIMING,0.1,0.246397
PHY,2014,NESTED_TIMING,0.2,0.541390
PHY,2014,NESTED_TIMING,0.3,0.773765
PHY,2014,NESTED_TIMING,0.4,0.909000
PHY,2014,NESTED_TIMING,0.5,0.935303
PHY,2014,NESTED_TIMING,0.6,0.944000
PHY,2014,NESTED_TIMING,0.7,1.000000
PHY,2014,NESTED_TIMING,0.8,1.000000
PHY,2014,NESTED_TIMING,0.9,1.000000
PHY,2015,B0,0.1,0.097500
PHY,2015,B0,0.2,0.318500
PHY,2015,B0,0.3,0.499500
PHY,2015,B0,0.4,0.600750
PHY,2015,B0,0.5,0.755750
PHY,2015,B0,0.6,0.849000
PHY,2015,B0,0.7,0.950250
PHY,2015,B0,0.8,1.000000
PHY,2015,B0,0.9,1.000000
PHY,2015,B1,0.1,0.177003
PHY,2015,B1,0.2,0.409831
PHY,2015,B1,0.3,0.558990
PHY,2015,B1,0.4,0.673755
PHY,2015,B1,0.5,0.803405
PHY,2015,B1,0.6,0.892935
PHY,2015,B1,0.7,0.955000
PHY,2015,B1,0.8,1.000000
PHY,2015,B1,0.9,1.000000
PHY,2015,S1,0.1,0.177003
PHY,2015,S1,0.2,0.409831
PHY,2015,S1,0.3,0.582500
PHY,2015,S1,0.4,0.714250
PHY,2015,S1,0.5,0.780000
PHY,2015,S1,0.6,0.872500
PHY,2015,S1,0.7,0.947500
PHY,2015,S1,0.8,0.982500
PHY,2015,S1,0.9,1.000000
PHY,2015,S2,0.1,0.140250
PHY,2015,S2,0.2,0.297953
PHY,2015,S2,0.3,0.413250
PHY,2015,S2,0.4,0.608246
PHY,2015,S2,0.5,0.809250
PHY,2015,S2,0.6,0.882500
PHY,2015,S2,0.7,0.961325
PHY,2015,S2,0.8,1.000000
PHY,2015,S2,0.9,1.000000
PHY,2015,M2,0.1,0.199479
PHY,2015,M2,0.2,0.444334
PHY,2015,M2,0.3,0.629792
PHY,2015,M2,0.4,0.757750
PHY,2015,M2,0.5,0.831250
PHY,2015,M2,0.6,0.872443
PHY,2015,M2,0.7,0.965000
PHY,2015,M2,0.8,0.965000
PHY,2015,M2,0.9,1.000000
PHY,2015,M3,0.1,0.246916
PHY,2015,M3,0.2,0.454315
PHY,2015,M3,0.3,0.681750
PHY,2015,M3,0.4,0.752500
PHY,2015,M3,0.5,0.780000
PHY,2015,M3,0.6,0.901750
PHY,2015,M3,0.7,0.959950
PHY,2015,M3,0.8,0.982500
PHY,2015,M3,0.9,1.000000
PHY,2015,RANDOM,0.1,0.138112
PHY,2015,RANDOM,0.2,0.322370
PHY,2015,RANDOM,0.3,0.476322
PHY,2015,RANDOM,0.4,0.613904
PHY,2015,RANDOM,0.5,0.730359
PHY,2015,RANDOM,0.6,0.810873
PHY,2015,RANDOM,0.7,0.904201
PHY,2015,RANDOM,0.8,0.965433
PHY,2015,RANDOM,0.9,0.995031
PHY,2015,RANDOM_ALL_COMPULSORY,0.1,0.077047
PHY,2015,RANDOM_ALL_COMPULSORY,0.2,0.185582
PHY,2015,RANDOM_ALL_COMPULSORY,0.3,0.290906
PHY,2015,RANDOM_ALL_COMPULSORY,0.4,0.397827
PHY,2015,RANDOM_ALL_COMPULSORY,0.5,0.500801
PHY,2015,RANDOM_ALL_COMPULSORY,0.6,0.579705
PHY,2015,RANDOM_ALL_COMPULSORY,0.7,0.688170
PHY,2015,RANDOM_ALL_COMPULSORY,0.8,0.788282
PHY,2015,RANDOM_ALL_COMPULSORY,0.9,0.894358
PHY,2015,NESTED_TIMING,0.1,0.246916
PHY,2015,NESTED_TIMING,0.2,0.454315
PHY,2015,NESTED_TIMING,0.3,0.681750
PHY,2015,NESTED_TIMING,0.4,0.752500
PHY,2015,NESTED_TIMING,0.5,0.780000
PHY,2015,NESTED_TIMING,0.6,0.901750
PHY,2015,NESTED_TIMING,0.7,0.959950
PHY,2015,NESTED_TIMING,0.8,0.982500
PHY,2015,NESTED_TIMING,0.9,1.000000
PHY,2016,B0,0.1,0.165000
PHY,2016,B0,0.2,0.321000
PHY,2016,B0,0.3,0.404250
PHY,2016,B0,0.4,0.599500
PHY,2016,B0,0.5,0.674500
PHY,2016,B0,0.6,0.818500
PHY,2016,B0,0.7,0.877250
PHY,2016,B0,0.8,1.000000
PHY,2016,B0,0.9,1.000000
PHY,2016,B1,0.1,0.190838
PHY,2016,B1,0.2,0.448500
PHY,2016,B1,0.3,0.639250
PHY,2016,B1,0.4,0.703091
PHY,2016,B1,0.5,0.775000
PHY,2016,B1,0.6,0.846639
PHY,2016,B1,0.7,1.000000
PHY,2016,B1,0.8,1.000000
PHY,2016,B1,0.9,1.000000
PHY,2016,S1,0.1,0.190838
PHY,2016,S1,0.2,0.448500
PHY,2016,S1,0.3,0.588000
PHY,2016,S1,0.4,0.640000
PHY,2016,S1,0.5,0.846000
PHY,2016,S1,0.6,0.900000
PHY,2016,S1,0.7,1.000000
PHY,2016,S1,0.8,1.000000
PHY,2016,S1,0.9,1.000000
PHY,2016,S2,0.1,0.240000
PHY,2016,S2,0.2,0.378500
PHY,2016,S2,0.3,0.537065
PHY,2016,S2,0.4,0.728000
PHY,2016,S2,0.5,0.806136
PHY,2016,S2,0.6,0.851814
PHY,2016,S2,0.7,0.917233
PHY,2016,S2,0.8,1.000000
PHY,2016,S2,0.9,1.000000
PHY,2016,M2,0.1,0.203958
PHY,2016,M2,0.2,0.473107
PHY,2016,M2,0.3,0.575742
PHY,2016,M2,0.4,0.742119
PHY,2016,M2,0.5,0.865178
PHY,2016,M2,0.6,0.886500
PHY,2016,M2,0.7,1.000000
PHY,2016,M2,0.8,1.000000
PHY,2016,M2,0.9,1.000000
PHY,2016,M3,0.1,0.230933
PHY,2016,M3,0.2,0.476736
PHY,2016,M3,0.3,0.576470
PHY,2016,M3,0.4,0.691012
PHY,2016,M3,0.5,0.769000
PHY,2016,M3,0.6,0.843392
PHY,2016,M3,0.7,1.000000
PHY,2016,M3,0.8,1.000000
PHY,2016,M3,0.9,1.000000
PHY,2016,RANDOM,0.1,0.138956
PHY,2016,RANDOM,0.2,0.311317
PHY,2016,RANDOM,0.3,0.472132
PHY,2016,RANDOM,0.4,0.603989
PHY,2016,RANDOM,0.5,0.722333
PHY,2016,RANDOM,0.6,0.799461
PHY,2016,RANDOM,0.7,0.894061
PHY,2016,RANDOM,0.8,0.961369
PHY,2016,RANDOM,0.9,0.993637
PHY,2016,RANDOM_ALL_COMPULSORY,0.1,0.079085
PHY,2016,RANDOM_ALL_COMPULSORY,0.2,0.181851
PHY,2016,RANDOM_ALL_COMPULSORY,0.3,0.291895
PHY,2016,RANDOM_ALL_COMPULSORY,0.4,0.395780
PHY,2016,RANDOM_ALL_COMPULSORY,0.5,0.501499
PHY,2016,RANDOM_ALL_COMPULSORY,0.6,0.577050
PHY,2016,RANDOM_ALL_COMPULSORY,0.7,0.687426
PHY,2016,RANDOM_ALL_COMPULSORY,0.8,0.792676
PHY,2016,RANDOM_ALL_COMPULSORY,0.9,0.892784
PHY,2016,NESTED_TIMING,0.1,0.230933
PHY,2016,NESTED_TIMING,0.2,0.476736
PHY,2016,NESTED_TIMING,0.3,0.576470
PHY,2016,NESTED_TIMING,0.4,0.691012
PHY,2016,NESTED_TIMING,0.5,0.769000
PHY,2016,NESTED_TIMING,0.6,0.843392
PHY,2016,NESTED_TIMING,0.7,1.000000
PHY,2016,NESTED_TIMING,0.8,1.000000
PHY,2016,NESTED_TIMING,0.9,1.000000
PHY,2017,B0,0.1,0.196500
PHY,2017,B0,0.2,0.358750
PHY,2017,B0,0.3,0.561750
PHY,2017,B0,0.4,0.649500
PHY,2017,B0,0.5,0.694500
PHY,2017,B0,0.6,0.931750
PHY,2017,B0,0.7,0.962500
PHY,2017,B0,0.8,0.962500
PHY,2017,B0,0.9,1.000000
PHY,2017,B1,0.1,0.187406
PHY,2017,B1,0.2,0.423474
PHY,2017,B1,0.3,0.596748
PHY,2017,B1,0.4,0.742120
PHY,2017,B1,0.5,0.897000
PHY,2017,B1,0.6,0.926073
PHY,2017,B1,0.7,0.954500
PHY,2017,B1,0.8,0.996661
PHY,2017,B1,0.9,1.000000
PHY,2017,S1,0.1,0.187406
PHY,2017,S1,0.2,0.444500
PHY,2017,S1,0.3,0.700750
PHY,2017,S1,0.4,0.857000
PHY,2017,S1,0.5,0.892000
PHY,2017,S1,0.6,0.930500
PHY,2017,S1,0.7,0.954500
PHY,2017,S1,0.8,1.000000
PHY,2017,S1,0.9,1.000000
PHY,2017,S2,0.1,0.044170
PHY,2017,S2,0.2,0.191500
PHY,2017,S2,0.3,0.425746
PHY,2017,S2,0.4,0.656809
PHY,2017,S2,0.5,0.798425
PHY,2017,S2,0.6,0.911672
PHY,2017,S2,0.7,0.994069
PHY,2017,S2,0.8,1.000000
PHY,2017,S2,0.9,1.000000
PHY,2017,M2,0.1,0.188910
PHY,2017,M2,0.2,0.444500
PHY,2017,M2,0.3,0.573250
PHY,2017,M2,0.4,0.699500
PHY,2017,M2,0.5,0.807505
PHY,2017,M2,0.6,0.913000
PHY,2017,M2,0.7,0.954500
PHY,2017,M2,0.8,1.000000
PHY,2017,M2,0.9,1.000000
PHY,2017,M3,0.1,0.193891
PHY,2017,M3,0.2,0.444500
PHY,2017,M3,0.3,0.573250
PHY,2017,M3,0.4,0.714474
PHY,2017,M3,0.5,0.897000
PHY,2017,M3,0.6,0.930580
PHY,2017,M3,0.7,0.954500
PHY,2017,M3,0.8,1.000000
PHY,2017,M3,0.9,1.000000
PHY,2017,RANDOM,0.1,0.136805
PHY,2017,RANDOM,0.2,0.310920
PHY,2017,RANDOM,0.3,0.460570
PHY,2017,RANDOM,0.4,0.596680
PHY,2017,RANDOM,0.5,0.714689
PHY,2017,RANDOM,0.6,0.793315
PHY,2017,RANDOM,0.7,0.889070
PHY,2017,RANDOM,0.8,0.956405
PHY,2017,RANDOM,0.9,0.990304
PHY,2017,RANDOM_ALL_COMPULSORY,0.1,0.077747
PHY,2017,RANDOM_ALL_COMPULSORY,0.2,0.182995
PHY,2017,RANDOM_ALL_COMPULSORY,0.3,0.287218
PHY,2017,RANDOM_ALL_COMPULSORY,0.4,0.395080
PHY,2017,RANDOM_ALL_COMPULSORY,0.5,0.502352
PHY,2017,RANDOM_ALL_COMPULSORY,0.6,0.579617
PHY,2017,RANDOM_ALL_COMPULSORY,0.7,0.688497
PHY,2017,RANDOM_ALL_COMPULSORY,0.8,0.793810
PHY,2017,RANDOM_ALL_COMPULSORY,0.9,0.892761
PHY,2017,NESTED_TIMING,0.1,0.193891
PHY,2017,NESTED_TIMING,0.2,0.444500
PHY,2017,NESTED_TIMING,0.3,0.573250
PHY,2017,NESTED_TIMING,0.4,0.714474
PHY,2017,NESTED_TIMING,0.5,0.897000
PHY,2017,NESTED_TIMING,0.6,0.930580
PHY,2017,NESTED_TIMING,0.7,0.954500
PHY,2017,NESTED_TIMING,0.8,1.000000
PHY,2017,NESTED_TIMING,0.9,1.000000
PHY,2018,B0,0.1,0.104000
PHY,2018,B0,0.2,0.259750
PHY,2018,B0,0.3,0.506250
PHY,2018,B0,0.4,0.565750
PHY,2018,B0,0.5,0.655000
PHY,2018,B0,0.6,0.725000
PHY,2018,B0,0.7,0.783750
PHY,2018,B0,0.8,0.826250
PHY,2018,B0,0.9,0.859500
PHY,2018,B1,0.1,0.214978
PHY,2018,B1,0.2,0.551212
PHY,2018,B1,0.3,0.800748
PHY,2018,B1,0.4,0.837762
PHY,2018,B1,0.5,0.897810
PHY,2018,B1,0.6,0.960633
PHY,2018,B1,0.7,1.000000
PHY,2018,B1,0.8,1.000000
PHY,2018,B1,0.9,1.000000
PHY,2018,S1,0.1,0.214978
PHY,2018,S1,0.2,0.529500
PHY,2018,S1,0.3,0.554500
PHY,2018,S1,0.4,0.683000
PHY,2018,S1,0.5,0.821750
PHY,2018,S1,0.6,0.891750
PHY,2018,S1,0.7,0.965000
PHY,2018,S1,0.8,1.000000
PHY,2018,S1,0.9,1.000000
PHY,2018,S2,0.1,0.279250
PHY,2018,S2,0.2,0.387000
PHY,2018,S2,0.3,0.609933
PHY,2018,S2,0.4,0.851969
PHY,2018,S2,0.5,0.919989
PHY,2018,S2,0.6,0.940088
PHY,2018,S2,0.7,0.985129
PHY,2018,S2,0.8,1.000000
PHY,2018,S2,0.9,1.000000
PHY,2018,M2,0.1,0.242002
PHY,2018,M2,0.2,0.513837
PHY,2018,M2,0.3,0.703250
PHY,2018,M2,0.4,0.850885
PHY,2018,M2,0.5,0.895805
PHY,2018,M2,0.6,0.944250
PHY,2018,M2,0.7,1.000000
PHY,2018,M2,0.8,1.000000
PHY,2018,M2,0.9,1.000000
PHY,2018,M3,0.1,0.266515
PHY,2018,M3,0.2,0.470341
PHY,2018,M3,0.3,0.703250
PHY,2018,M3,0.4,0.819086
PHY,2018,M3,0.5,0.872712
PHY,2018,M3,0.6,0.920750
PHY,2018,M3,0.7,1.000000
PHY,2018,M3,0.8,1.000000
PHY,2018,M3,0.9,1.000000
PHY,2018,RANDOM,0.1,0.141458
PHY,2018,RANDOM,0.2,0.326190
PHY,2018,RANDOM,0.3,0.482442
PHY,2018,RANDOM,0.4,0.611867
PHY,2018,RANDOM,0.5,0.739667
PHY,2018,RANDOM,0.6,0.812811
PHY,2018,RANDOM,0.7,0.904074
PHY,2018,RANDOM,0.8,0.963341
PHY,2018,RANDOM,0.9,0.993697
PHY,2018,RANDOM_ALL_COMPULSORY,0.1,0.077492
PHY,2018,RANDOM_ALL_COMPULSORY,0.2,0.183989
PHY,2018,RANDOM_ALL_COMPULSORY,0.3,0.290602
PHY,2018,RANDOM_ALL_COMPULSORY,0.4,0.392434
PHY,2018,RANDOM_ALL_COMPULSORY,0.5,0.502583
PHY,2018,RANDOM_ALL_COMPULSORY,0.6,0.582352
PHY,2018,RANDOM_ALL_COMPULSORY,0.7,0.687902
PHY,2018,RANDOM_ALL_COMPULSORY,0.8,0.788121
PHY,2018,RANDOM_ALL_COMPULSORY,0.9,0.894482
PHY,2018,NESTED_TIMING,0.1,0.266515
PHY,2018,NESTED_TIMING,0.2,0.470341
PHY,2018,NESTED_TIMING,0.3,0.703250
PHY,2018,NESTED_TIMING,0.4,0.819086
PHY,2018,NESTED_TIMING,0.5,0.872712
PHY,2018,NESTED_TIMING,0.6,0.920750
PHY,2018,NESTED_TIMING,0.7,1.000000
PHY,2018,NESTED_TIMING,0.8,1.000000
PHY,2018,NESTED_TIMING,0.9,1.000000
PHY,2019,B0,0.1,0.250250
PHY,2019,B0,0.2,0.380250
PHY,2019,B0,0.3,0.417750
PHY,2019,B0,0.4,0.460250
PHY,2019,B0,0.5,0.612750
PHY,2019,B0,0.6,0.809000
PHY,2019,B0,0.7,0.875500
PHY,2019,B0,0.8,0.893000
PHY,2019,B0,0.9,0.993000
PHY,2019,B1,0.1,0.183925
PHY,2019,B1,0.2,0.373214
PHY,2019,B1,0.3,0.505029
PHY,2019,B1,0.4,0.633346
PHY,2019,B1,0.5,0.770580
PHY,2019,B1,0.6,0.873996
PHY,2019,B1,0.7,0.966750
PHY,2019,B1,0.8,0.984250
PHY,2019,B1,0.9,1.000000
PHY,2019,S1,0.1,0.183925
PHY,2019,S1,0.2,0.389000
PHY,2019,S1,0.3,0.598000
PHY,2019,S1,0.4,0.706500
PHY,2019,S1,0.5,0.820250
PHY,2019,S1,0.6,0.949250
PHY,2019,S1,0.7,0.959750
PHY,2019,S1,0.8,0.984250
PHY,2019,S1,0.9,1.000000
PHY,2019,S2,0.1,0.168000
PHY,2019,S2,0.2,0.309000
PHY,2019,S2,0.3,0.519290
PHY,2019,S2,0.4,0.666740
PHY,2019,S2,0.5,0.773417
PHY,2019,S2,0.6,0.841345
PHY,2019,S2,0.7,0.923536
PHY,2019,S2,0.8,1.000000
PHY,2019,S2,0.9,1.000000
PHY,2019,M2,0.1,0.172084
PHY,2019,M2,0.2,0.396686
PHY,2019,M2,0.3,0.580000
PHY,2019,M2,0.4,0.645500
PHY,2019,M2,0.5,0.735047
PHY,2019,M2,0.6,0.890250
PHY,2019,M2,0.7,0.966750
PHY,2019,M2,0.8,1.000000
PHY,2019,M2,0.9,1.000000
PHY,2019,M3,0.1,0.159414
PHY,2019,M3,0.2,0.470250
PHY,2019,M3,0.3,0.580000
PHY,2019,M3,0.4,0.695700
PHY,2019,M3,0.5,0.793462
PHY,2019,M3,0.6,0.893263
PHY,2019,M3,0.7,0.966750
PHY,2019,M3,0.8,0.991967
PHY,2019,M3,0.9,1.000000
PHY,2019,RANDOM,0.1,0.138585
PHY,2019,RANDOM,0.2,0.323918
PHY,2019,RANDOM,0.3,0.470840
PHY,2019,RANDOM,0.4,0.607766
PHY,2019,RANDOM,0.5,0.729132
PHY,2019,RANDOM,0.6,0.805504
PHY,2019,RANDOM,0.7,0.898861
PHY,2019,RANDOM,0.8,0.960665
PHY,2019,RANDOM,0.9,0.994055
PHY,2019,RANDOM_ALL_COMPULSORY,0.1,0.078733
PHY,2019,RANDOM_ALL_COMPULSORY,0.2,0.187983
PHY,2019,RANDOM_ALL_COMPULSORY,0.3,0.287617
PHY,2019,RANDOM_ALL_COMPULSORY,0.4,0.393443
PHY,2019,RANDOM_ALL_COMPULSORY,0.5,0.500231
PHY,2019,RANDOM_ALL_COMPULSORY,0.6,0.575882
PHY,2019,RANDOM_ALL_COMPULSORY,0.7,0.686886
PHY,2019,RANDOM_ALL_COMPULSORY,0.8,0.788326
PHY,2019,RANDOM_ALL_COMPULSORY,0.9,0.892403
PHY,2019,NESTED_TIMING,0.1,0.159414
PHY,2019,NESTED_TIMING,0.2,0.470250
PHY,2019,NESTED_TIMING,0.3,0.580000
PHY,2019,NESTED_TIMING,0.4,0.695700
PHY,2019,NESTED_TIMING,0.5,0.793462
PHY,2019,NESTED_TIMING,0.6,0.893263
PHY,2019,NESTED_TIMING,0.7,0.966750
PHY,2019,NESTED_TIMING,0.8,0.991967
PHY,2019,NESTED_TIMING,0.9,1.000000
PHY,2020,B0,0.1,0.072500
PHY,2020,B0,0.2,0.130000
PHY,2020,B0,0.3,0.445250
PHY,2020,B0,0.4,0.739000
PHY,2020,B0,0.5,0.824500
PHY,2020,B0,0.6,0.864500
PHY,2020,B0,0.7,0.937000
PHY,2020,B0,0.8,1.000000
PHY,2020,B0,0.9,1.000000
PHY,2020,B1,0.1,0.271675
PHY,2020,B1,0.2,0.496876
PHY,2020,B1,0.3,0.615588
PHY,2020,B1,0.4,0.764500
PHY,2020,B1,0.5,0.847139
PHY,2020,B1,0.6,0.920500
PHY,2020,B1,0.7,0.960500
PHY,2020,B1,0.8,0.983000
PHY,2020,B1,0.9,1.000000
PHY,2020,S1,0.1,0.271675
PHY,2020,S1,0.2,0.530750
PHY,2020,S1,0.3,0.740000
PHY,2020,S1,0.4,0.774500
PHY,2020,S1,0.5,0.822500
PHY,2020,S1,0.6,0.860000
PHY,2020,S1,0.7,0.938000
PHY,2020,S1,0.8,0.983000
PHY,2020,S1,0.9,1.000000
PHY,2020,S2,0.1,0.103000
PHY,2020,S2,0.2,0.240500
PHY,2020,S2,0.3,0.579774
PHY,2020,S2,0.4,0.702088
PHY,2020,S2,0.5,0.806568
PHY,2020,S2,0.6,0.898746
PHY,2020,S2,0.7,0.985915
PHY,2020,S2,0.8,1.000000
PHY,2020,S2,0.9,1.000000
PHY,2020,M2,0.1,0.269407
PHY,2020,M2,0.2,0.539384
PHY,2020,M2,0.3,0.652000
PHY,2020,M2,0.4,0.775727
PHY,2020,M2,0.5,0.857500
PHY,2020,M2,0.6,0.913000
PHY,2020,M2,0.7,0.960500
PHY,2020,M2,0.8,0.983000
PHY,2020,M2,0.9,1.000000
PHY,2020,M3,0.1,0.268519
PHY,2020,M3,0.2,0.514590
PHY,2020,M3,0.3,0.652000
PHY,2020,M3,0.4,0.764500
PHY,2020,M3,0.5,0.870888
PHY,2020,M3,0.6,0.940712
PHY,2020,M3,0.7,0.960500
PHY,2020,M3,0.8,0.983000
PHY,2020,M3,0.9,1.000000
PHY,2020,RANDOM,0.1,0.134134
PHY,2020,RANDOM,0.2,0.312730
PHY,2020,RANDOM,0.3,0.457551
PHY,2020,RANDOM,0.4,0.592367
PHY,2020,RANDOM,0.5,0.706432
PHY,2020,RANDOM,0.6,0.782490
PHY,2020,RANDOM,0.7,0.883590
PHY,2020,RANDOM,0.8,0.953164
PHY,2020,RANDOM,0.9,0.992274
PHY,2020,RANDOM_ALL_COMPULSORY,0.1,0.073967
PHY,2020,RANDOM_ALL_COMPULSORY,0.2,0.179615
PHY,2020,RANDOM_ALL_COMPULSORY,0.3,0.277782
PHY,2020,RANDOM_ALL_COMPULSORY,0.4,0.382078
PHY,2020,RANDOM_ALL_COMPULSORY,0.5,0.482100
PHY,2020,RANDOM_ALL_COMPULSORY,0.6,0.556143
PHY,2020,RANDOM_ALL_COMPULSORY,0.7,0.665461
PHY,2020,RANDOM_ALL_COMPULSORY,0.8,0.759908
PHY,2020,RANDOM_ALL_COMPULSORY,0.9,0.858815
PHY,2020,NESTED_TIMING,0.1,0.268519
PHY,2020,NESTED_TIMING,0.2,0.514590
PHY,2020,NESTED_TIMING,0.3,0.652000
PHY,2020,NESTED_TIMING,0.4,0.764500
PHY,2020,NESTED_TIMING,0.5,0.870888
PHY,2020,NESTED_TIMING,0.6,0.940712
PHY,2020,NESTED_TIMING,0.7,0.960500
PHY,2020,NESTED_TIMING,0.8,0.983000
PHY,2020,NESTED_TIMING,0.9,1.000000
PHY,2021,B0,0.1,0.131579
PHY,2021,B0,0.2,0.394737
PHY,2021,B0,0.3,0.582895
PHY,2021,B0,0.4,0.681579
PHY,2021,B0,0.5,1.000000
PHY,2021,B0,0.6,1.000000
PHY,2021,B0,0.7,1.000000
PHY,2021,B0,0.8,1.000000
PHY,2021,B0,0.9,1.000000
PHY,2021,B1,0.1,0.270240
PHY,2021,B1,0.2,0.509500
PHY,2021,B1,0.3,0.671966
PHY,2021,B1,0.4,0.748026
PHY,2021,B1,0.5,0.895072
PHY,2021,B1,0.6,0.961297
PHY,2021,B1,0.7,1.000000
PHY,2021,B1,0.8,1.000000
PHY,2021,B1,0.9,1.000000
PHY,2021,S1,0.1,0.270240
PHY,2021,S1,0.2,0.544408
PHY,2021,S1,0.3,0.730921
PHY,2021,S1,0.4,0.782895
PHY,2021,S1,0.5,0.939474
PHY,2021,S1,0.6,0.992105
PHY,2021,S1,0.7,1.000000
PHY,2021,S1,0.8,1.000000
PHY,2021,S1,0.9,1.000000
PHY,2021,S2,0.1,0.165789
PHY,2021,S2,0.2,0.273684
PHY,2021,S2,0.3,0.595008
PHY,2021,S2,0.4,0.749013
PHY,2021,S2,0.5,0.820188
PHY,2021,S2,0.6,0.895634
PHY,2021,S2,0.7,1.000000
PHY,2021,S2,0.8,1.000000
PHY,2021,S2,0.9,1.000000
PHY,2021,M2,0.1,0.243038
PHY,2021,M2,0.2,0.452303
PHY,2021,M2,0.3,0.666889
PHY,2021,M2,0.4,0.744493
PHY,2021,M2,0.5,0.914783
PHY,2021,M2,0.6,0.992105
PHY,2021,M2,0.7,1.000000
PHY,2021,M2,0.8,1.000000
PHY,2021,M2,0.9,1.000000
PHY,2021,M3,0.1,0.270240
PHY,2021,M3,0.2,0.495776
PHY,2021,M3,0.3,0.648026
PHY,2021,M3,0.4,0.748026
PHY,2021,M3,0.5,0.893421
PHY,2021,M3,0.6,0.969079
PHY,2021,M3,0.7,1.000000
PHY,2021,M3,0.8,1.000000
PHY,2021,M3,0.9,1.000000
PHY,2021,RANDOM,0.1,0.211935
PHY,2021,RANDOM,0.2,0.458420
PHY,2021,RANDOM,0.3,0.643348
PHY,2021,RANDOM,0.4,0.778984
PHY,2021,RANDOM,0.5,0.888767
PHY,2021,RANDOM,0.6,0.940440
PHY,2021,RANDOM,0.7,0.986336
PHY,2021,RANDOM,0.8,0.998867
PHY,2021,RANDOM,0.9,0.999970
PHY,2021,RANDOM_ALL_COMPULSORY,0.1,0.078018
PHY,2021,RANDOM_ALL_COMPULSORY,0.2,0.183289
PHY,2021,RANDOM_ALL_COMPULSORY,0.3,0.289687
PHY,2021,RANDOM_ALL_COMPULSORY,0.4,0.394349
PHY,2021,RANDOM_ALL_COMPULSORY,0.5,0.500750
PHY,2021,RANDOM_ALL_COMPULSORY,0.6,0.578877
PHY,2021,RANDOM_ALL_COMPULSORY,0.7,0.687312
PHY,2021,RANDOM_ALL_COMPULSORY,0.8,0.792104
PHY,2021,RANDOM_ALL_COMPULSORY,0.9,0.894260
PHY,2021,NESTED_TIMING,0.1,0.270240
PHY,2021,NESTED_TIMING,0.2,0.495776
PHY,2021,NESTED_TIMING,0.3,0.648026
PHY,2021,NESTED_TIMING,0.4,0.748026
PHY,2021,NESTED_TIMING,0.5,0.893421
PHY,2021,NESTED_TIMING,0.6,0.969079
PHY,2021,NESTED_TIMING,0.7,1.000000
PHY,2021,NESTED_TIMING,0.8,1.000000
PHY,2021,NESTED_TIMING,0.9,1.000000
PHY,2022,B0,0.1,0.023026
PHY,2022,B0,0.2,0.230921
PHY,2022,B0,0.3,0.521053
PHY,2022,B0,0.4,0.726974
PHY,2022,B0,0.5,0.798684
PHY,2022,B0,0.6,0.869079
PHY,2022,B0,0.7,0.978289
PHY,2022,B0,0.8,1.000000
PHY,2022,B0,0.9,1.000000
PHY,2022,B1,0.1,0.323064
PHY,2022,B1,0.2,0.651645
PHY,2022,B1,0.3,0.769285
PHY,2022,B1,0.4,0.832895
PHY,2022,B1,0.5,0.936436
PHY,2022,B1,0.6,0.986796
PHY,2022,B1,0.7,1.000000
PHY,2022,B1,0.8,1.000000
PHY,2022,B1,0.9,1.000000
PHY,2022,S1,0.1,0.323064
PHY,2022,S1,0.2,0.651645
PHY,2022,S1,0.3,0.766776
PHY,2022,S1,0.4,0.891447
PHY,2022,S1,0.5,0.980263
PHY,2022,S1,0.6,1.000000
PHY,2022,S1,0.7,1.000000
PHY,2022,S1,0.8,1.000000
PHY,2022,S1,0.9,1.000000
PHY,2022,S2,0.1,0.242434
PHY,2022,S2,0.2,0.495078
PHY,2022,S2,0.3,0.707566
PHY,2022,S2,0.4,0.821805
PHY,2022,S2,0.5,0.877232
PHY,2022,S2,0.6,0.942957
PHY,2022,S2,0.7,1.000000
PHY,2022,S2,0.8,1.000000
PHY,2022,S2,0.9,1.000000
PHY,2022,M2,0.1,0.329235
PHY,2022,M2,0.2,0.661908
PHY,2022,M2,0.3,0.816117
PHY,2022,M2,0.4,0.892763
PHY,2022,M2,0.5,0.958553
PHY,2022,M2,0.6,1.000000
PHY,2022,M2,0.7,1.000000
PHY,2022,M2,0.8,1.000000
PHY,2022,M2,0.9,1.000000
PHY,2022,M3,0.1,0.323064
PHY,2022,M3,0.2,0.651645
PHY,2022,M3,0.3,0.799671
PHY,2022,M3,0.4,0.832895
PHY,2022,M3,0.5,0.915132
PHY,2022,M3,0.6,0.958553
PHY,2022,M3,0.7,1.000000
PHY,2022,M3,0.8,1.000000
PHY,2022,M3,0.9,1.000000
PHY,2022,RANDOM,0.1,0.209035
PHY,2022,RANDOM,0.2,0.442179
PHY,2022,RANDOM,0.3,0.605553
PHY,2022,RANDOM,0.4,0.741188
PHY,2022,RANDOM,0.5,0.848522
PHY,2022,RANDOM,0.6,0.909054
PHY,2022,RANDOM,0.7,0.971265
PHY,2022,RANDOM,0.8,0.996183
PHY,2022,RANDOM,0.9,0.999919
PHY,2022,RANDOM_ALL_COMPULSORY,0.1,0.078190
PHY,2022,RANDOM_ALL_COMPULSORY,0.2,0.184736
PHY,2022,RANDOM_ALL_COMPULSORY,0.3,0.288803
PHY,2022,RANDOM_ALL_COMPULSORY,0.4,0.394172
PHY,2022,RANDOM_ALL_COMPULSORY,0.5,0.500863
PHY,2022,RANDOM_ALL_COMPULSORY,0.6,0.577379
PHY,2022,RANDOM_ALL_COMPULSORY,0.7,0.686702
PHY,2022,RANDOM_ALL_COMPULSORY,0.8,0.791583
PHY,2022,RANDOM_ALL_COMPULSORY,0.9,0.893250
PHY,2022,NESTED_TIMING,0.1,0.323064
PHY,2022,NESTED_TIMING,0.2,0.651645
PHY,2022,NESTED_TIMING,0.3,0.766776
PHY,2022,NESTED_TIMING,0.4,0.891447
PHY,2022,NESTED_TIMING,0.5,0.980263
PHY,2022,NESTED_TIMING,0.6,1.000000
PHY,2022,NESTED_TIMING,0.7,1.000000
PHY,2022,NESTED_TIMING,0.8,1.000000
PHY,2022,NESTED_TIMING,0.9,1.000000
PHY,2023,B0,0.1,0.195000
PHY,2023,B0,0.2,0.546500
PHY,2023,B0,0.3,0.669000
PHY,2023,B0,0.4,0.729500
PHY,2023,B0,0.5,0.855750
PHY,2023,B0,0.6,0.873250
PHY,2023,B0,0.7,0.947250
PHY,2023,B0,0.8,0.986000
PHY,2023,B0,0.9,1.000000
PHY,2023,B1,0.1,0.210630
PHY,2023,B1,0.2,0.541250
PHY,2023,B1,0.3,0.697724
PHY,2023,B1,0.4,0.857443
PHY,2023,B1,0.5,0.963910
PHY,2023,B1,0.6,0.992500
PHY,2023,B1,0.7,1.000000
PHY,2023,B1,0.8,1.000000
PHY,2023,B1,0.9,1.000000
PHY,2023,S1,0.1,0.210630
PHY,2023,S1,0.2,0.466250
PHY,2023,S1,0.3,0.648250
PHY,2023,S1,0.4,0.864750
PHY,2023,S1,0.5,0.969750
PHY,2023,S1,0.6,0.992500
PHY,2023,S1,0.7,1.000000
PHY,2023,S1,0.8,1.000000
PHY,2023,S1,0.9,1.000000
PHY,2023,S2,0.1,0.089250
PHY,2023,S2,0.2,0.256750
PHY,2023,S2,0.3,0.541500
PHY,2023,S2,0.4,0.777724
PHY,2023,S2,0.5,0.901364
PHY,2023,S2,0.6,0.963220
PHY,2023,S2,0.7,1.000000
PHY,2023,S2,0.8,1.000000
PHY,2023,S2,0.9,1.000000
PHY,2023,M2,0.1,0.234555
PHY,2023,M2,0.2,0.598970
PHY,2023,M2,0.3,0.786194
PHY,2023,M2,0.4,0.840000
PHY,2023,M2,0.5,0.972500
PHY,2023,M2,0.6,0.975000
PHY,2023,M2,0.7,1.000000
PHY,2023,M2,0.8,1.000000
PHY,2023,M2,0.9,1.000000
PHY,2023,M3,0.1,0.250582
PHY,2023,M3,0.2,0.541250
PHY,2023,M3,0.3,0.768139
PHY,2023,M3,0.4,0.837250
PHY,2023,M3,0.5,0.950795
PHY,2023,M3,0.6,0.992500
PHY,2023,M3,0.7,1.000000
PHY,2023,M3,0.8,1.000000
PHY,2023,M3,0.9,1.000000
PHY,2023,RANDOM,0.1,0.160762
PHY,2023,RANDOM,0.2,0.369941
PHY,2023,RANDOM,0.3,0.535845
PHY,2023,RANDOM,0.4,0.681029
PHY,2023,RANDOM,0.5,0.801537
PHY,2023,RANDOM,0.6,0.871802
PHY,2023,RANDOM,0.7,0.948513
PHY,2023,RANDOM,0.8,0.987090
PHY,2023,RANDOM,0.9,0.999421
PHY,2023,RANDOM_ALL_COMPULSORY,0.1,0.077963
PHY,2023,RANDOM_ALL_COMPULSORY,0.2,0.186686
PHY,2023,RANDOM_ALL_COMPULSORY,0.3,0.288709
PHY,2023,RANDOM_ALL_COMPULSORY,0.4,0.396430
PHY,2023,RANDOM_ALL_COMPULSORY,0.5,0.501180
PHY,2023,RANDOM_ALL_COMPULSORY,0.6,0.577721
PHY,2023,RANDOM_ALL_COMPULSORY,0.7,0.687475
PHY,2023,RANDOM_ALL_COMPULSORY,0.8,0.790242
PHY,2023,RANDOM_ALL_COMPULSORY,0.9,0.892484
PHY,2023,NESTED_TIMING,0.1,0.210630
PHY,2023,NESTED_TIMING,0.2,0.466250
PHY,2023,NESTED_TIMING,0.3,0.648250
PHY,2023,NESTED_TIMING,0.4,0.864750
PHY,2023,NESTED_TIMING,0.5,0.969750
PHY,2023,NESTED_TIMING,0.6,0.992500
PHY,2023,NESTED_TIMING,0.7,1.000000
PHY,2023,NESTED_TIMING,0.8,1.000000
PHY,2023,NESTED_TIMING,0.9,1.000000
PHY,2024,B0,0.1,0.125000
PHY,2024,B0,0.2,0.320250
PHY,2024,B0,0.3,0.526500
PHY,2024,B0,0.4,0.733000
PHY,2024,B0,0.5,0.838500
PHY,2024,B0,0.6,0.872000
PHY,2024,B0,0.7,0.967500
PHY,2024,B0,0.8,0.985000
PHY,2024,B0,0.9,1.000000
PHY,2024,B1,0.1,0.226984
PHY,2024,B1,0.2,0.546250
PHY,2024,B1,0.3,0.683449
PHY,2024,B1,0.4,0.784762
PHY,2024,B1,0.5,0.847500
PHY,2024,B1,0.6,0.954500
PHY,2024,B1,0.7,1.000000
PHY,2024,B1,0.8,1.000000
PHY,2024,B1,0.9,1.000000
PHY,2024,S1,0.1,0.226984
PHY,2024,S1,0.2,0.473500
PHY,2024,S1,0.3,0.645250
PHY,2024,S1,0.4,0.706750
PHY,2024,S1,0.5,0.894500
PHY,2024,S1,0.6,0.942000
PHY,2024,S1,0.7,0.987500
PHY,2024,S1,0.8,1.000000
PHY,2024,S1,0.9,1.000000
PHY,2024,S2,0.1,0.120500
PHY,2024,S2,0.2,0.363000
PHY,2024,S2,0.3,0.669500
PHY,2024,S2,0.4,0.864132
PHY,2024,S2,0.5,0.944500
PHY,2024,S2,0.6,0.985844
PHY,2024,S2,0.7,1.000000
PHY,2024,S2,0.8,1.000000
PHY,2024,S2,0.9,1.000000
PHY,2024,M2,0.1,0.272648
PHY,2024,M2,0.2,0.549257
PHY,2024,M2,0.3,0.696250
PHY,2024,M2,0.4,0.792500
PHY,2024,M2,0.5,0.907500
PHY,2024,M2,0.6,0.954500
PHY,2024,M2,0.7,1.000000
PHY,2024,M2,0.8,1.000000
PHY,2024,M2,0.9,1.000000
PHY,2024,M3,0.1,0.303732
PHY,2024,M3,0.2,0.546250
PHY,2024,M3,0.3,0.687526
PHY,2024,M3,0.4,0.776744
PHY,2024,M3,0.5,0.847500
PHY,2024,M3,0.6,0.907500
PHY,2024,M3,0.7,1.000000
PHY,2024,M3,0.8,1.000000
PHY,2024,M3,0.9,1.000000
PHY,2024,RANDOM,0.1,0.160018
PHY,2024,RANDOM,0.2,0.359072
PHY,2024,RANDOM,0.3,0.529435
PHY,2024,RANDOM,0.4,0.666034
PHY,2024,RANDOM,0.5,0.784763
PHY,2024,RANDOM,0.6,0.856373
PHY,2024,RANDOM,0.7,0.942703
PHY,2024,RANDOM,0.8,0.986611
PHY,2024,RANDOM,0.9,0.999194
PHY,2024,RANDOM_ALL_COMPULSORY,0.1,0.077642
PHY,2024,RANDOM_ALL_COMPULSORY,0.2,0.183372
PHY,2024,RANDOM_ALL_COMPULSORY,0.3,0.291819
PHY,2024,RANDOM_ALL_COMPULSORY,0.4,0.396057
PHY,2024,RANDOM_ALL_COMPULSORY,0.5,0.502583
PHY,2024,RANDOM_ALL_COMPULSORY,0.6,0.580049
PHY,2024,RANDOM_ALL_COMPULSORY,0.7,0.690852
PHY,2024,RANDOM_ALL_COMPULSORY,0.8,0.789300
PHY,2024,RANDOM_ALL_COMPULSORY,0.9,0.892110
PHY,2024,NESTED_TIMING,0.1,0.272648
PHY,2024,NESTED_TIMING,0.2,0.549257
PHY,2024,NESTED_TIMING,0.3,0.696250
PHY,2024,NESTED_TIMING,0.4,0.792500
PHY,2024,NESTED_TIMING,0.5,0.907500
PHY,2024,NESTED_TIMING,0.6,0.954500
PHY,2024,NESTED_TIMING,0.7,1.000000
PHY,2024,NESTED_TIMING,0.8,1.000000
PHY,2024,NESTED_TIMING,0.9,1.000000
PHY,2025,B0,0.1,0.189000
PHY,2025,B0,0.2,0.511250
PHY,2025,B0,0.3,0.560000
PHY,2025,B0,0.4,0.732250
PHY,2025,B0,0.5,0.856750
PHY,2025,B0,0.6,0.892250
PHY,2025,B0,0.7,0.925000
PHY,2025,B0,0.8,1.000000
PHY,2025,B0,0.9,1.000000
PHY,2025,B1,0.1,0.456523
PHY,2025,B1,0.2,0.795500
PHY,2025,B1,0.3,0.897009
PHY,2025,B1,0.4,0.933345
PHY,2025,B1,0.5,0.955000
PHY,2025,B1,0.6,1.000000
PHY,2025,B1,0.7,1.000000
PHY,2025,B1,0.8,1.000000
PHY,2025,B1,0.9,1.000000
PHY,2025,S1,0.1,0.456523
PHY,2025,S1,0.2,0.722500
PHY,2025,S1,0.3,0.842250
PHY,2025,S1,0.4,0.901000
PHY,2025,S1,0.5,0.990000
PHY,2025,S1,0.6,0.990000
PHY,2025,S1,0.7,1.000000
PHY,2025,S1,0.8,1.000000
PHY,2025,S1,0.9,1.000000
PHY,2025,S2,0.1,0.110000
PHY,2025,S2,0.2,0.447573
PHY,2025,S2,0.3,0.845970
PHY,2025,S2,0.4,0.948425
PHY,2025,S2,0.5,0.978553
PHY,2025,S2,0.6,0.991878
PHY,2025,S2,0.7,1.000000
PHY,2025,S2,0.8,1.000000
PHY,2025,S2,0.9,1.000000
PHY,2025,M2,0.1,0.405792
PHY,2025,M2,0.2,0.757354
PHY,2025,M2,0.3,0.914000
PHY,2025,M2,0.4,0.925061
PHY,2025,M2,0.5,0.973000
PHY,2025,M2,0.6,1.000000
PHY,2025,M2,0.7,1.000000
PHY,2025,M2,0.8,1.000000
PHY,2025,M2,0.9,1.000000
PHY,2025,M3,0.1,0.456523
PHY,2025,M3,0.2,0.795500
PHY,2025,M3,0.3,0.903429
PHY,2025,M3,0.4,0.928758
PHY,2025,M3,0.5,0.955000
PHY,2025,M3,0.6,1.000000
PHY,2025,M3,0.7,1.000000
PHY,2025,M3,0.8,1.000000
PHY,2025,M3,0.9,1.000000
PHY,2025,RANDOM,0.1,0.158926
PHY,2025,RANDOM,0.2,0.364322
PHY,2025,RANDOM,0.3,0.537636
PHY,2025,RANDOM,0.4,0.686218
PHY,2025,RANDOM,0.5,0.806394
PHY,2025,RANDOM,0.6,0.876085
PHY,2025,RANDOM,0.7,0.953705
PHY,2025,RANDOM,0.8,0.988411
PHY,2025,RANDOM,0.9,0.998821
PHY,2025,RANDOM_ALL_COMPULSORY,0.1,0.077347
PHY,2025,RANDOM_ALL_COMPULSORY,0.2,0.184117
PHY,2025,RANDOM_ALL_COMPULSORY,0.3,0.289218
PHY,2025,RANDOM_ALL_COMPULSORY,0.4,0.396147
PHY,2025,RANDOM_ALL_COMPULSORY,0.5,0.501303
PHY,2025,RANDOM_ALL_COMPULSORY,0.6,0.577795
PHY,2025,RANDOM_ALL_COMPULSORY,0.7,0.691805
PHY,2025,RANDOM_ALL_COMPULSORY,0.8,0.792724
PHY,2025,RANDOM_ALL_COMPULSORY,0.9,0.893352
PHY,2025,NESTED_TIMING,0.1,0.405792
PHY,2025,NESTED_TIMING,0.2,0.757354
PHY,2025,NESTED_TIMING,0.3,0.914000
PHY,2025,NESTED_TIMING,0.4,0.925061
PHY,2025,NESTED_TIMING,0.5,0.973000
PHY,2025,NESTED_TIMING,0.6,1.000000
PHY,2025,NESTED_TIMING,0.7,1.000000
PHY,2025,NESTED_TIMING,0.8,1.000000
PHY,2025,NESTED_TIMING,0.9,1.000000
PHY,2026,B0,0.1,0.236500
PHY,2026,B0,0.2,0.522500
PHY,2026,B0,0.3,0.692000
PHY,2026,B0,0.4,0.791500
PHY,2026,B0,0.5,0.877500
PHY,2026,B0,0.6,0.877500
PHY,2026,B0,0.7,0.900000
PHY,2026,B0,0.8,1.000000
PHY,2026,B0,0.9,1.000000
PHY,2026,B1,0.1,0.299165
PHY,2026,B1,0.2,0.571500
PHY,2026,B1,0.3,0.828000
PHY,2026,B1,0.4,0.893415
PHY,2026,B1,0.5,0.932100
PHY,2026,B1,0.6,0.987530
PHY,2026,B1,0.7,1.000000
PHY,2026,B1,0.8,1.000000
PHY,2026,B1,0.9,1.000000
PHY,2026,S1,0.1,0.299165
PHY,2026,S1,0.2,0.635500
PHY,2026,S1,0.3,0.783500
PHY,2026,S1,0.4,0.875500
PHY,2026,S1,0.5,0.893000
PHY,2026,S1,0.6,0.957500
PHY,2026,S1,0.7,1.000000
PHY,2026,S1,0.8,1.000000
PHY,2026,S1,0.9,1.000000
PHY,2026,S2,0.1,0.117500
PHY,2026,S2,0.2,0.185402
PHY,2026,S2,0.3,0.321143
PHY,2026,S2,0.4,0.640122
PHY,2026,S2,0.5,0.840637
PHY,2026,S2,0.6,0.972662
PHY,2026,S2,0.7,0.986451
PHY,2026,S2,0.8,1.000000
PHY,2026,S2,0.9,1.000000
PHY,2026,M2,0.1,0.324015
PHY,2026,M2,0.2,0.609349
PHY,2026,M2,0.3,0.733500
PHY,2026,M2,0.4,0.912000
PHY,2026,M2,0.5,0.912000
PHY,2026,M2,0.6,1.000000
PHY,2026,M2,0.7,1.000000
PHY,2026,M2,0.8,1.000000
PHY,2026,M2,0.9,1.000000
PHY,2026,M3,0.1,0.299165
PHY,2026,M3,0.2,0.571500
PHY,2026,M3,0.3,0.828000
PHY,2026,M3,0.4,0.896744
PHY,2026,M3,0.5,0.972000
PHY,2026,M3,0.6,0.975500
PHY,2026,M3,0.7,1.000000
PHY,2026,M3,0.8,1.000000
PHY,2026,M3,0.9,1.000000
PHY,2026,RANDOM,0.1,0.154881
PHY,2026,RANDOM,0.2,0.358263
PHY,2026,RANDOM,0.3,0.525593
PHY,2026,RANDOM,0.4,0.668296
PHY,2026,RANDOM,0.5,0.794434
PHY,2026,RANDOM,0.6,0.861727
PHY,2026,RANDOM,0.7,0.940626
PHY,2026,RANDOM,0.8,0.984668
PHY,2026,RANDOM,0.9,0.999075
PHY,2026,RANDOM_ALL_COMPULSORY,0.1,0.077591
PHY,2026,RANDOM_ALL_COMPULSORY,0.2,0.186554
PHY,2026,RANDOM_ALL_COMPULSORY,0.3,0.289265
PHY,2026,RANDOM_ALL_COMPULSORY,0.4,0.393735
PHY,2026,RANDOM_ALL_COMPULSORY,0.5,0.502462
PHY,2026,RANDOM_ALL_COMPULSORY,0.6,0.576795
PHY,2026,RANDOM_ALL_COMPULSORY,0.7,0.689133
PHY,2026,RANDOM_ALL_COMPULSORY,0.8,0.790177
PHY,2026,RANDOM_ALL_COMPULSORY,0.9,0.892429
PHY,2026,NESTED_TIMING,0.1,0.324015
PHY,2026,NESTED_TIMING,0.2,0.609349
PHY,2026,NESTED_TIMING,0.3,0.733500
PHY,2026,NESTED_TIMING,0.4,0.912000
PHY,2026,NESTED_TIMING,0.5,0.912000
PHY,2026,NESTED_TIMING,0.6,1.000000
PHY,2026,NESTED_TIMING,0.7,1.000000
PHY,2026,NESTED_TIMING,0.8,1.000000
PHY,2026,NESTED_TIMING,0.9,1.000000
